revenue,debt_amount,debt_ratio,overdue_days_30,overdue_days_90,disputes_count,transactions_count,employees_count,log_revenue,log_debt_amount,low_transactions_flag,target
0.0079404691682925,0.0012245467614191141,0.154215920428092,2.0,55.0,2.0,89.0,23.0,0.007909109540373795,0.0012237976155473958,0,0
0.0151549525840555,0.002404486233972945,0.158660096139311,1.0,55.0,0.0,145.0,52.0,0.015041263486384657,0.002401600082496754,0,1
0.0151095784745224,0.0006459154083796794,0.042748737793633,2.0,59.0,0.0,169.0,9.0,0.014996565754787096,0.0006457068948055439,0,0
0.0154876960539649,0.002168848690085717,0.140036883635154,1.0,68.0,0.0,132.0,71.0,0.015368985819125658,0.0021665001329291807,0,0
0.0526944658711073,0.009177761522612383,0.174169362396832,2.0,58.0,0.0,331.0,90.0,0.05135303518058575,0.009135901793473553,0,0
0.0486864195290167,0.006859107990604272,0.140883393294434,1.0,106.0,1.0,129.0,51.0,0.04753835195937967,0.006835691326693038,0,0
0.0866342998018664,0.0192613792285554,0.22232971551229,2.0,55.0,0.0,127.0,8.0,0.08308512080850586,0.01907822697038759,0,0
0.047461318571623,0.0030577159317993962,0.0644254315687638,1.0,81.0,1.0,124.0,52.0,0.046369444754397804,0.003053050626139908,0,0
0.005444893143972,0.0012666944627041312,0.232638993862805,0.0,57.0,7.0,63.0,54.0,0.005430123302513454,0.00126589288210694,0,1
0.0170606651844458,0.002151344876630995,0.126099706744868,1.0,56.0,0.0,198.0,59.0,0.016916766402848456,0.0021490340479080857,0,0
0.0265438540768637,0.005214558871465383,0.196450705928591,2.0,47.0,1.0,145.0,26.0,0.026197678509607806,0.0052010101393835054,0,0
0.0312022626555954,0.006460812556403946,0.207062309157421,1.0,63.0,7.0,153.0,40.0,0.03072536683709295,0.006440030969557038,0,0
0.115719104012584,0.008938607212025034,0.0772440064092874,1.0,57.0,0.0,423.0,81.0,0.10949913336417624,0.008898894338985889,0,0
0.72096435107461,0.1518129426862976,0.210569277745866,2.0,56.0,0.0,524.0,32.0,0.5428848029385178,0.1413371729489001,0,0
0.0359060453438601,0.005608928750845759,0.156211264624966,2.0,56.0,0.0,251.0,41.0,0.03527644990219185,0.005593257282769626,0,0
0.0791929458384379,0.0033087840840681205,0.0417812981830275,0.0,76.0,0.0,444.0,47.0,0.07621348941713844,0.003303322103038298,0,0
0.0165161758700486,0.0022519561379181724,0.136348520119721,2.0,57.0,0.0,166.0,15.0,0.01638126726023793,0.0022494242850632034,0,0
0.0292814253520275,0.005554060605817352,0.189678628654352,0.0,102.0,0.0,230.0,47.0,0.02886091348453322,0.005538693684162861,0,0
0.0106024169275678,0.0016735259781368182,0.157843818967863,1.0,51.0,0.0,137.0,17.0,0.010546605449664495,0.0016721271939207697,0,0
0.0049004038295748,6.563106982198022e-05,0.0133929921093207,1.0,58.0,0.0,153.0,34.0,0.004888435933153769,6.56289161975465e-05,0,0
0.0485351724972398,0.00903880831342013,0.18623212504157,2.0,56.0,1.0,378.0,182.0,0.04739411633581547,0.00899820278585605,0,0
0.0037963004976027,0.0006741684289058356,0.177585633521783,4.0,56.0,0.0,203.0,7.0,0.003789112734398,0.0006739412794561605,0,0
0.0148978326300346,0.00035491405243725995,0.0238232004111618,1.0,58.0,0.0,185.0,27.0,0.01478794992008871,0.00035485108534311506,0,0
0.0114796497118744,0.002043479683874484,0.178008888351422,1.0,0.0,0.0,124.0,40.0,0.01141425850273551,0.002041394619306816,0,1
0.0141567221743273,0.002430571854400483,0.171690298394655,3.0,50.0,1.0,92.0,439.0,0.014057451583403833,0.002427622792269081,0,0
0.0381596261173374,0.006713150055228288,0.175922846691054,2.0,59.0,0.0,291.0,29.0,0.03744955530704269,0.006690717204161895,0,0
0.0144289668315259,0.0023691301769210404,0.164192641412462,4.0,56.0,0.0,68.0,64.0,0.014325859923567628,0.002366328212629604,0,1
0.0534355763268146,0.009717174822559162,0.181848414306013,2.0,56.0,0.0,341.0,47.0,0.05205680035315062,0.009670266710707816,0,0
0.0096041865178395,0.001681465795713288,0.175076337031774,1.0,120.0,3.0,68.0,59.0,0.009558359505643065,0.0016800537147911234,0,1
0.0003932422826202,3.94110157174459e-05,0.100220697161169,1.0,56.0,0.0,18.0,3.0,0.00039316498313806574,3.941023912377012e-05,1,0
0.0359211700470378,0.006815650246854596,0.189739093630015,2.0,55.0,0.0,251.0,43.0,0.03529105025406059,0.006792528702164277,0,1
0.0012704750669268,6.141698557958559e-05,0.0483417480424464,60.0,49.0,9.0,18.0,17.0,0.00126966869638914,6.141509963374576e-05,1,0
0.0184672625799719,0.00047121472979702833,0.0255162197297216,1.0,58.0,0.0,214.0,77.0,0.018298813389509713,0.0004711037430006129,0,0
0.0193898694738116,0.0034779482899937693,0.179369350303836,0.0,50.0,0.0,137.0,332.0,0.019204281140278716,0.0034719142145938774,0,0
0.002873693603763,0.00040259685460706005,0.140097348610817,0.0,36.0,0.0,23.0,163.0,0.002869572439719515,0.00040251583423835796,1,0
0.0301284087299787,0.004378488398736498,0.145327569005653,2.0,57.0,2.0,283.0,44.0,0.02968346314093383,0.004368930707079734,0,0
0.0378420073506057,0.0038989497551429842,0.103032318529492,1.0,58.0,0.0,317.0,28.0,0.03714356444066814,0.003891368549982368,0,0
0.0039929216389128,2.0521712326244016e-05,0.005139522931342,1.0,58.0,0.0,74.0,26.0,0.003984971084239537,2.0521501758786415e-05,0,0
0.0014670962082369,0.00010205848097327769,0.0695649545001058,4.0,56.0,0.0,42.0,4.0,0.0014660210740165538,0.00010205327336082606,1,0
0.0253641272290031,0.003890081247777386,0.153369410768812,1.0,47.0,0.0,193.0,41.0,0.02504779558250007,0.0038825344471670677,0,0
0.0343784503229124,0.006079135228065264,0.176829821325997,2.0,54.0,2.0,222.0,49.0,0.033800715237340566,0.006060731832330191,0,0
0.0497148993451004,0.0034824627923511096,0.0700486743054086,2.0,62.0,1.0,214.0,40.0,0.04851860286676125,0.00347641306004436,0,0
0.012508129527958,0.0018684484081881783,0.149378722375064,1.0,61.0,4.0,103.0,75.0,0.012430549129738901,0.001866705029731824,0,0
0.0067909917267873,0.0007210437144988068,0.10617649726396,1.0,51.0,0.0,132.0,26.0,0.006768036808311207,0.0007207838873700079,0,0
0.0121602613548709,0.0023947740866955645,0.196934425733894,1.0,72.0,0.0,158.0,41.0,0.012086919350090413,0.002391911184989975,0,1
0.0402317104526824,0.007385402118350728,0.183571666112404,3.0,56.0,1.0,222.0,25.0,0.039443486849573293,0.007358263573589483,0,0
0.0178017756401531,0.0029342225954625527,0.164827523656922,2.0,55.0,0.0,92.0,24.0,0.01764517975758662,0.002929926166743009,0,0
0.009226068938397,0.0013787362445958323,0.149439187350727,1.0,44.0,5.0,71.0,107.0,0.009183768741667766,0.0013777866604968857,0,0
0.0484746736845289,0.010355293534930072,0.21362275901684,1.0,65.0,0.0,209.0,20.0,0.04733641626078927,0.01030204477173435,0,0
0.0158506889302297,0.0032638704327416107,0.205913474619826,0.0,58.0,0.0,124.0,14.0,0.015726378642312397,0.0032585555691847547,0,0
0.0091050713129754,0.00169951054467788,0.18665537987121,1.0,56.0,0.0,129.0,9.0,0.009063870055913473,0.0016980680108019026,0,1
0.0193747447706339,0.002788154461052019,0.143906642077577,0.0,60.0,0.0,312.0,61.0,0.019189444014823125,0.0027842747681849265,0,0
0.0249103861336721,0.0003946259435270486,0.015841823623666,1.0,58.0,0.0,121.0,41.0,0.02460518060603583,0.00039454809918832004,0,0
0.0111771556483204,0.0012259491698795664,0.109683465852405,1.0,58.0,2.0,150.0,23.0,0.01111515282647094,0.0012251983078125001,0,0
0.0086362055144667,0.0002830258722883542,0.0327720168092632,1.0,68.0,0.0,108.0,48.0,0.008599126818182855,0.00028298582802169274,0,0
0.0515752378359575,0.004166309988743793,0.080781207485564,2.0,61.0,0.0,278.0,35.0,0.05028926646432126,0.004157654950669117,0,0
0.0153213243190102,0.0019162656440349906,0.1250718021586,3.0,58.0,0.0,180.0,53.0,0.01520513807799602,0.0019144319492162918,0,0
0.106780404434563,0.007060154926335195,0.0661184508873235,1.0,57.0,0.0,423.0,68.0,0.1014552640707622,0.007035348721208041,0,0
0.0089084501716653,0.0009224367940851243,0.103546270822626,2.0,54.0,0.0,82.0,25.0,0.008869004025692195,0.0009220116107153504,0,0
0.0405342045162364,0.006978936866099306,0.172174018199958,1.0,55.0,5.0,256.0,46.0,0.03973423946476068,0.006954696800785152,0,0
0.045041366063191,0.010542378573063607,0.234059920790882,1.0,68.0,0.0,219.0,63.0,0.04405646938278388,0.0104871952038914,0,0
0.0525432188393303,0.00692750180966594,0.131843879432839,1.0,57.0,5.0,399.0,89.0,0.05120934876157885,0.006903616913997194,0,0
0.0001058729222439,2.6105739753340613e-05,0.246576170753091,60.0,120.0,0.0,10.0,700.0,0.00010586731810161556,2.61053990044469e-05,1,1
0.12620052331473,0.010682996199209236,0.0846509659279862,1.0,58.0,1.0,511.0,148.0,0.11884959851127082,0.010626336170680754,0,0
0.0191327495197907,0.0028927315158107903,0.15119267164495,3.0,57.0,1.0,116.0,63.0,0.018952020063566857,0.002888555619226298,0,0
0.0622381535762361,0.006297762796494916,0.101188136771775,0.0,56.0,0.0,415.0,22.0,0.06037814775124355,0.006278014757317472,0,0
0.004234916889756,9.640815122248893e-05,0.022765063337062,60.0,120.0,2.0,44.0,216.0,0.00422597486615286,9.64035042553458e-05,1,0
0.0098461817686827,0.0009867912012329722,0.100220697161169,2.0,56.0,0.0,156.0,33.0,0.009798023976532599,0.0009863046428569319,0,0
0.0330474764432748,0.005950683849688438,0.180064697523959,2.0,60.0,0.0,256.0,25.0,0.03251314885222076,0.0059330484577267105,0,0
0.0316560037509264,0.001974373000518825,0.062369622396227,1.0,60.0,0.0,270.0,61.0,0.031165281793963877,0.0019724264878198806,0,0
0.0048096556105086,0.000447129153257972,0.0929649000816277,5.0,54.0,0.0,58.0,50.0,0.004798126170607066,0.00044702922080549096,0,0
0.0293419241647383,0.003759442349976132,0.128125283429573,3.0,58.0,1.0,368.0,183.0,0.028919689474558224,0.0037523933080388307,0,0
0.0157145666016304,0.003653445510975538,0.232487831423648,1.0,65.0,8.0,174.0,15.0,0.015592371301487532,0.003646787889502286,0,1
0.0291453030234282,0.0005374923615893575,0.0184418175771684,1.0,60.0,0.0,243.0,67.0,0.028728654874672327,0.0005373479643092805,0,0
0.0056868883948152,0.0005938420206092344,0.104423012969737,5.0,49.0,2.0,63.0,20.0,0.005670779090694549,0.0005936657662112403,0,1
0.025923741246578,0.00031584689428820355,0.0121836925960637,0.0,68.0,0.0,301.0,256.0,0.025593417715851868,0.0003157970251582847,0,0
0.009528563001951,0.0017978583818114157,0.188680956555915,1.0,49.0,0.0,150.0,9.0,0.009483452577466257,0.0017962441688921193,0,0
0.0112376544610312,0.0016660960025666526,0.148260120325302,2.0,55.0,1.0,82.0,21.0,0.011174981119288451,0.0016647096043232018,0,0
0.0095739371114841,0.0013800686926733442,0.144148501980228,1.0,55.0,0.0,116.0,47.0,0.009528397407694726,0.001379117273124055,0,0
0.0205847210248499,4.2940585624894084e-05,0.0020860416603682,1.0,62.0,0.0,113.0,120.0,0.02037571895449592,4.2939663704338955e-05,0,0
0.0331987234750518,0.005743056979902842,0.172990295371406,3.0,59.0,0.0,251.0,43.0,0.032659546732640925,0.005726628497959666,0,0
0.0067456176172542,0.0005422679579248094,0.0803881851437555,9.0,63.0,0.0,87.0,49.0,0.006722967739956336,0.0005421209837862237,0,1
0.0116308967436514,0.0016755214494512515,0.144057804516734,1.0,57.0,0.0,111.0,52.0,0.011563777798479145,0.001674119329357174,0,0
0.04458762496786,0.0022268874579588465,0.0499440698975119,1.0,57.0,0.0,243.0,14.0,0.043622190279259045,0.0022244116190121496,0,0
0.0468865798508704,0.003487044968804342,0.0743719200653022,0.0,59.0,0.0,500.0,57.0,0.04582059732020308,0.003480979324190896,0,0
0.1125882904548,0.013571046770967357,0.120536928983886,1.0,59.0,0.0,341.0,104.0,0.10668909411580671,0.013479784868358375,0,0
0.045192613094968,0.001326662856825407,0.0293557456843124,2.0,62.0,0.0,248.0,86.0,0.044201187183325885,0.0013257836172080176,0,0
0.0500930169245429,0.004520593025962469,0.0902439761767996,3.0,59.0,0.0,214.0,18.0,0.04887874779297068,0.004510405835200369,0,0
0.008318586747735,0.0015084464526079911,0.181334462012879,2.0,44.0,1.0,68.0,267.0,0.008284177994762854,0.001507309890076718,0,0
0.0038567993103135,0.0009141490036235991,0.237022704598361,3.0,56.0,0.0,82.0,21.0,0.0038493809278771426,0.0009137314238905403,0,0
0.027390837454815,0.005293999572168938,0.193276294706291,0.0,52.0,0.0,119.0,394.0,0.027022420824398263,0.005280035618197079,0,1
0.0291604277266059,0.005504662173864831,0.188771654019409,0.0,49.0,0.0,219.0,103.0,0.028743351139616853,0.0054895668919882614,0,0
0.0519382307122223,0.008655063267097049,0.166641472926807,0.0,50.0,0.0,384.0,135.0,0.050634396538642566,0.008617822931057312,0,0
0.0007411104557073,0.00013884758273175106,0.187350727091332,4.0,50.0,1.0,15.0,22.0,0.0007408359689618131,0.00013883794429830762,1,1
0.0051726484867734,0.0005230978984870758,0.101127671796112,6.0,57.0,0.0,87.0,29.0,0.005159316295983929,0.0005229611304746698,0,1
0.024260023897031,0.0005500806579427765,0.0226743658735677,1.0,52.0,0.0,211.0,29.0,0.02397042396959959,0.0005499294190375112,0,0
0.0027980700878745,0.00019921561982478607,0.0711975088430027,0.0,53.0,3.0,26.0,53.0,0.0027941627766895636,0.00019919577902821563,1,0
0.049987144002299,0.010093543392428447,0.201922786226079,1.0,55.0,0.0,407.0,466.0,0.048777920287141695,0.01004294378468433,0,1
0.0359816688597486,0.0015327318506329398,0.0425975753544759,1.0,60.0,0.0,410.0,29.0,0.03534944952992617,0.0015315584160573077,0,0
0.0522256000725986,0.00878189641151836,0.168153097318378,1.0,54.0,0.0,286.0,48.0,0.0509075400628859,0.008743559840931924,0,0
0.0168791687463134,0.0029214632848397377,0.1730809928349,1.0,37.0,0.0,113.0,114.0,0.016738298548896868,0.0029172041043206694,0,1
0.0230349229396373,0.004509906005898102,0.1957855911963,1.0,44.0,0.0,84.0,14.0,0.02277362415771544,0.004499766852796052,0,1
0.0193142459579231,0.000747998581252819,0.0387278169120537,2.0,57.0,0.0,172.0,16.0,0.019130093311499872,0.0007477189697380306,0,0
0.209114146134882,0.031660780719034116,0.15140429905977,1.0,58.0,1.0,800.0,297.0,0.1898879808524596,0.031169912171755285,0,0
0.0065641211791218,0.0007223569577653154,0.110046255706382,5.0,56.0,0.0,76.0,6.0,0.006542671151580856,0.000722096183551921,0,0
0.0122661342771148,0.0010546568879920932,0.0859811953925688,2.0,55.0,1.0,127.0,9.0,0.0121915148271785,0.0010541011281393795,0,0
0.0519079813058669,0.009513141538717686,0.18326934123409,1.0,55.0,0.0,362.0,73.0,0.050605640248202056,0.009468176554985955,0,0
0.0144289668315259,0.003389020869913371,0.23487619796233,3.0,56.0,2.0,132.0,63.0,0.014325859923567628,0.003383291080619205,0,1
0.0181798932195956,0.002940485192878319,0.161743809898116,1.0,56.0,0.0,187.0,65.0,0.018016614912993972,0.002936170422569627,0,0
0.0109351603974772,0.001968044558036756,0.179974000060465,1.0,40.0,1.0,58.0,302.0,0.010875803854528866,0.001966110495477346,0,1
0.0603324409758459,0.010192510813345412,0.168939142001995,2.0,54.0,0.0,270.0,88.0,0.05858248251650541,0.010140917456076162,0,0
0.0037963004976027,0.0008254374090382634,0.217432052483599,60.0,29.0,0.0,21.0,31.0,0.003789112734398,0.000825096922933906,1,1
0.0050365261581741,5.984081930533067e-05,0.0118813677177495,4.0,4.0,0.0,50.0,15.0,0.005023885286590191,5.983902891492836e-05,0,0
0.0223543112966408,0.004341509077897658,0.194213501829066,0.0,43.0,0.0,111.0,550.0,0.022108115943704584,0.004332111916118853,0,0
0.0170152910749127,0.003119924429946648,0.183360038697584,1.0,57.0,0.0,79.0,75.0,0.016872152425281884,0.003115067565134376,0,0
0.0239272804271216,0.003854175110067531,0.161078695165825,1.0,47.0,0.0,124.0,343.0,0.023645508887727717,0.003846766806343312,0,0
0.0453589848299227,0.008115441915031057,0.178915862986365,2.0,56.0,0.0,235.0,30.0,0.04436035257821121,0.008082688800964698,0,0
0.0062616271155678,9.067688691105512e-05,0.0144813616712519,2.0,59.0,0.0,82.0,17.0,0.0062421045813374435,9.06727760106524e-05,0,0
0.0192234977388569,0.0033562807824741928,0.174592617226472,0.0,50.0,4.0,111.0,114.0,0.01904106065129356,0.0033506610429007914,0,0
0.0149734561459231,0.0022032170711433255,0.147141518275539,3.0,59.0,0.0,174.0,39.0,0.014862460571420785,0.002200793547458408,0,1
0.0310661403269961,0.007570945284515389,0.243704084409106,1.0,56.0,0.0,487.0,115.0,0.030593354603767633,0.0075424295153759995,0,1
0.0176959027179092,0.003767942765130896,0.212927411796717,1.0,45.0,1.0,135.0,40.0,0.0175411531861343,0.0037608618502045234,0,0
0.0158809383365851,0.0028879234541995726,0.181848414306013,1.0,2.0,6.0,132.0,37.0,0.01575615561280562,0.0028837614144369425,0,1
0.0129013718105782,0.002112459706929024,0.16373915409499,2.0,53.0,0.0,135.0,99.0,0.012818858049294706,0.0021102316012262434,0,1
0.0154271972412541,0.0018455549017033673,0.119629954348943,2.0,56.0,1.0,225.0,23.0,0.015309407928463253,0.0018438539577245515,0,0
0.0091504454225085,0.001019421089637627,0.111406717658796,2.0,56.0,0.0,113.0,7.0,0.009108833747739905,0.0010189018328228972,0,0
0.0042802909992891,0.0007929867655362817,0.185264685430964,2.0,56.0,0.0,47.0,12.0,0.00427115660972403,0.0007926725176497603,1,1
0.0346204455737556,0.0006928903760868959,0.0200139069444025,1.0,60.0,0.0,346.0,147.0,0.03403464020697361,0.0006926504383775482,0,0
0.0224753089220624,0.0005537798703473978,0.0246394775826103,1.0,59.0,0.0,161.0,69.0,0.022226460889773862,0.0005536265908611154,0,0
0.0513786166946474,0.0016837808899536754,0.0327720168092632,0.0,116.0,0.0,283.0,102.0,0.05010227126092254,0.0016823649201434358,0,0
0.0098461817686827,0.00014973030896536565,0.0152069413792061,1.0,58.0,0.0,111.0,44.0,0.009798023976532599,0.00014971910050147144,0,0
0.0222181889680415,0.002767449845763844,0.124557849865465,2.0,56.0,0.0,307.0,70.0,0.021974961136249433,0.0027636275069028667,0,0
0.002571199540209,2.4719335302066702e-05,0.0096139311303927,3.0,59.0,0.0,44.0,9.0,0.0025678996618912985,2.47190297843326e-05,1,0
0.008016092684181,0.0017182361499181722,0.214348338724794,3.0,56.0,0.0,161.0,40.0,0.007984134486203463,0.001716761670945158,0,0
0.0463572152396509,0.0077152241707010285,0.166429845511987,2.0,56.0,2.0,203.0,43.0,0.04531481330809123,0.007685614030427914,0,0
0.0689232723807795,0.0026088199359293744,0.0378510747649424,0.0,59.0,0.0,312.0,94.0,0.06665185433203831,0.002605422872136149,0,0
0.0763797510473857,0.017574939844050296,0.230099464884965,2.0,55.0,0.0,291.0,28.0,0.07360332795768573,0.017422286574898357,0,0
0.0203124763676513,0.0028905531415344375,0.142304320222511,3.0,58.0,0.0,135.0,54.0,0.020108929760840104,0.0028863835258670437,0,0
0.0277084562215467,0.005463450478487395,0.197176285636545,3.0,52.0,4.0,195.0,226.0,0.0273315239127385,0.005448579971187364,0,0
0.0083942102636235,0.0010011536563169158,0.119267164494966,6.0,57.0,0.0,100.0,22.0,0.008359174807433468,0.001000652836232504,0,1
0.0385528683999576,0.007417554630024793,0.19239955255918,1.0,56.0,0.0,601.0,282.0,0.03782827146381306,0.007390179857580532,0,1
0.0632212592827866,0.004552802237554725,0.0720137860144511,0.0,57.0,0.0,436.0,83.0,0.06130322378018273,0.004542469583265472,0,0
0.0109805345070103,0.0013205721881938165,0.120264836593403,1.0,54.0,0.0,111.0,284.0,0.010920686150714672,0.00131970099963561,0,0
0.0433171499009332,0.007413561858366311,0.171146113613689,1.0,54.0,0.0,235.0,49.0,0.04240520448659023,0.007386216476604517,0,0
0.224480844563425,0.05026166625863074,0.223901804879524,1.0,58.0,1.0,572.0,238.0,0.202516953811551,0.0490393390833852,0,0
0.0304611521998881,0.0009789341472467579,0.0321371345648033,1.0,57.0,0.0,315.0,24.0,0.030006422627005785,0.0009784553036931588,0,0
0.0009679810033728,4.8491233261442395e-05,0.050095232336669,7.0,43.0,6.0,21.0,29.0,0.000967512811870649,4.849005759959683e-05,1,0
0.0240936521620763,0.004586075944385288,0.190343743386643,2.0,56.0,0.0,203.0,29.0,0.0238079796248899,0.00457559193950967,0,1
0.0013914726923484,9.54936364129406e-06,0.0068627747377331,1.0,57.0,0.0,34.0,5.0,0.0013905054913401903,9.54931804641135e-06,1,0
0.0120997625421601,0.0021838613651992537,0.180487952353599,3.0,56.0,4.0,105.0,23.0,0.012027145593740332,0.00218148020608547,0,1
0.0035845546531149,0.0001525849669433679,0.0425673428666445,0.0,93.0,7.0,31.0,120.0,0.0035781454486138054,0.00015257332704133366,1,0
0.0368135275345221,0.001687254217200334,0.0458324515524382,1.0,60.0,0.0,278.0,80.0,0.0361520939213066,0.0016858324028870668,0,0
0.0165766746827594,0.00230831585660095,0.139250838951537,2.0,57.0,0.0,150.0,10.0,0.016440781327893235,0.0023056557882861527,0,0
0.0371160215980761,0.007683084919491713,0.207001844181758,1.0,47.0,0.0,185.0,88.0,0.036443804954427846,0.007653720333715875,0,0
0.0447086225932816,0.0023464694144552647,0.0524835988753514,1.0,61.0,0.0,145.0,34.0,0.04373801648217126,0.0023437207540241444,0,0
0.0053390202217281,6.00452133652645e-05,0.0112464854732896,1.0,58.0,0.0,92.0,18.0,0.005324818180826336,6.0043410723600104e-05,0,0
0.0358001724216162,0.006329455764477157,0.176799588838165,3.0,56.0,2.0,206.0,27.0,0.03517424146990722,0.006309508883693762,0,1
0.0438918886216858,0.0040498849373699275,0.092269552861505,1.0,59.0,0.0,275.0,37.0,0.04295592913819083,0.004041706227819001,0,0
0.0117367696658953,0.0021878925464797394,0.186413519968558,0.0,43.0,0.0,71.0,186.0,0.011668428005258809,0.0021855025949189025,0,0
0.032230742471679,0.005941011483805269,0.18432747830819,2.0,55.0,0.0,219.0,31.0,0.03172222973372954,0.005923433262330579,0,0
0.0358757959375047,0.0033633897633461936,0.0937509447652447,2.0,63.0,0.0,203.0,100.0,0.03524724855892799,0.003357746218749092,0,1
0.0904457250026468,0.011593852949518446,0.128185748405236,0.0,80.0,0.0,233.0,98.0,0.08658653467600562,0.011527159232852453,0,0
0.0108141627720556,0.0020136175745409306,0.186201892553738,1.0,56.0,5.0,243.0,62.0,0.010756107882155424,0.002011592964077915,0,1
0.0331533493655187,0.005992800914727342,0.180760044744082,2.0,54.0,2.0,256.0,25.0,0.03261562961886658,0.005974915503559748,0,0
0.0387343648380901,0.0013232709213967947,0.0341627112495087,1.0,58.0,0.0,286.0,30.0,0.03800301517348428,0.0013223961700347454,0,0
0.0202822269612959,0.003766164948341125,0.185687940260604,0.0,56.0,0.0,140.0,78.0,0.020079282123013475,0.0037590907054125713,0,0
0.0149129573332123,0.0031140610182452248,0.208815793451643,2.0,0.0,0.0,124.0,9.0,0.014802852494508717,0.0031092223728547423,0,0
0.0057625119107037,0.0010897152704734908,0.189104211385555,2.0,50.0,1.0,63.0,107.0,0.005745972148906845,0.001089121961774054,0,1
0.0217493231695328,0.0001788498322735707,0.0082232366901472,2.0,44.0,0.0,137.0,21.0,0.021516181039258325,0.00017883384054903496,0,0
0.013113117655066,0.002597489097439083,0.198083260271488,2.0,52.0,0.0,79.0,23.0,0.01302788502946662,0.0025941214529860424,0,0
0.0085908314049336,0.00041036108534011847,0.0477673307736494,0.0,61.0,0.0,148.0,41.0,0.008554140201693672,0.0004102769102572693,0,0
0.0167127970113587,0.003804678825030413,0.22765063337062,42.0,60.0,0.0,44.0,126.0,0.016574675031369942,0.0037974593406350505,1,0
0.0937580349985632,0.020009008345825165,0.21341113160202,1.0,55.0,1.0,558.0,199.0,0.08961950494710395,0.019811458968773676,0,0
0.0449506178441248,0.007453945003326329,0.165825195755359,2.0,54.0,0.0,259.0,173.0,0.043969628648635635,0.007426301638361207,0,0
0.0584116036722779,0.012204329079998577,0.208936723402969,1.0,48.0,1.0,394.0,148.0,0.056769297167692835,0.012130456690491304,0,0
0.0019057126003902,0.00013366548456345093,0.0701393717689029,2.0,56.0,0.0,68.0,3.0,0.0019038990338580784,0.00013365655212853244,0,1
0.0321551189557905,0.00531754695674256,0.165371708437887,3.0,57.0,1.0,187.0,46.0,0.03164896482978369,0.005303458725077521,0,0
0.0056415142852821,0.0005328201054273751,0.0944462919853675,1.0,74.0,0.0,79.0,54.0,0.005625660541699431,0.0005326782071969173,0,0
0.108035754798312,0.00543167337514263,0.0502766272636575,0.0,57.0,0.0,185.0,234.0,0.10258885747800414,0.00541697503767247,0,0
0.0134004870154423,0.0008422653960487515,0.0628533422015298,2.0,49.0,0.0,84.0,21.0,0.013311494635284412,0.0008419108895951079,0,0
0.0322761165812121,0.006436293042587738,0.19941348973607,1.0,58.0,0.0,206.0,16.0,0.03176618609971732,0.006415668558036629,0,1
0.0181950179227733,0.0007563609046713208,0.0415696707682075,1.0,58.0,0.0,217.0,12.0,0.018031469449941193,0.0007560750079139338,0,0
0.0348775655277765,0.0011799134088817593,0.0338301538833631,1.0,57.0,0.0,299.0,81.0,0.03428312554396317,0.0011792178581282071,0,0
0.0386284919158462,0.006673011542979882,0.172748435468755,3.0,61.0,0.0,272.0,52.0,0.03790108505377375,0.00665084555607044,0,0
0.064158990879804,0.002284950003217015,0.0356138706654171,1.0,57.0,0.0,124.0,30.0,0.06218480727488581,0.0022823434747281496,0,0
0.0115703979309406,0.0015170909038452474,0.131118299724884,3.0,36.0,0.0,95.0,120.0,0.011503972762877323,0.0015159412840116337,0,0
0.0174387827638883,0.0005804667842622064,0.0332859691023974,0.0,62.0,0.0,195.0,47.0,0.01728847216485037,0.0005802983785845072,0,0
0.0743530408215739,0.017214245143501894,0.231520391813042,1.0,90.0,8.0,325.0,90.0,0.07171865792022038,0.01706775873782556,0,0
0.0236399110667453,0.004010144239063634,0.169634489222118,2.0,56.0,0.0,230.0,41.0,0.023364815425303727,0.0040021250422627285,0,1
0.0314140085000832,0.0014103395901267808,0.0448952444296641,1.0,57.0,0.0,214.0,43.0,0.030930684567000134,0.00140934599534137,0,0
0.0443305050138391,0.008731542768847285,0.196964658221725,2.0,49.0,0.0,172.0,61.0,0.04337601504469238,0.008693643303372713,0,1
0.0055810154725713,0.0003504480193648332,0.0627928772258669,2.0,120.0,0.0,34.0,17.0,0.005565499309579253,0.0003503866268005444,1,0
0.0044769121405992,0.0008938394587331727,0.199655349638722,0.0,31.0,0.0,23.0,132.0,0.004466920579237813,0.0008934402221287533,1,1
0.0248801367273167,0.005833221281263134,0.23445294313269,2.0,57.0,0.0,105.0,32.0,0.024575665974154934,0.005816273919209725,0,1
0.0121602613548709,0.0016609747196331805,0.136590380022372,2.0,45.0,0.0,111.0,71.0,0.012086919350090413,0.0016595968266761279,0,0
0.182736663792973,0.02039676399684541,0.111618345073616,1.0,58.0,0.0,760.0,212.0,0.16783095987305244,0.020191535972028704,0,0
0.0367076546122782,0.00679619302976664,0.185143755479638,3.0,58.0,3.0,211.0,253.0,0.03604997495261944,0.006773203014193651,0,1
0.0107687886625225,0.001741784906264026,0.161743809898116,1.0,57.0,0.0,89.0,49.0,0.01071121819854534,0.0017402697580539027,0,1
0.0921396917585492,0.02297851429441223,0.249387792121414,2.0,56.0,12.0,405.0,203.0,0.08813879199709679,0.02271848410417247,0,0
0.112089175249936,0.02760802100436034,0.246304078362608,1.0,55.0,3.0,495.0,91.0,0.10624038618314452,0.027233791793739612,0,0
0.0613457960887518,0.015013278693304861,0.244731988995374,1.0,11.0,0.0,312.0,41.0,0.05953772179101822,0.014901694864634059,0,1
0.0171060392939789,0.003269473664979727,0.19112978807026,2.0,54.0,0.0,145.0,41.0,0.016961378390096826,0.0032641405570989724,0,0
0.0019813361162787,0.00024175930602233708,0.122018320887626,0.0,56.0,0.0,50.0,7.0,0.0019793758587348413,0.0002417300869505397,0,0
0.0017544655686132,2.8006101527580203e-05,0.0159627535749917,1.0,62.0,0.0,31.0,21.0,0.0017529282917011083,2.800570936404078e-05,1,0
0.0141415974711496,0.002622503821024634,0.185446080357953,1.0,46.0,0.0,79.0,173.0,0.01404253789636728,0.0026190710581916452,0,0
0.0109502851006549,0.0013417633253606522,0.12253227318076,2.0,43.0,0.0,111.0,63.0,0.010890764843749751,0.0013408639653456455,0,0
0.010541918114857,0.002049295083548402,0.194394896756054,2.0,62.0,2.0,79.0,65.0,0.010486739549263473,0.0020471981427236494,0,1
0.0354220548421737,0.005978817068774542,0.168787979562838,2.0,120.0,3.0,161.0,44.0,0.03480912605286907,0.005961014864178919,0,0
0.0184067637672611,0.0005553692970863917,0.0301720228557608,1.0,54.0,0.0,161.0,110.0,0.018239409801515533,0.0005552151366329996,0,0
0.0165917993859371,0.0024413425525699407,0.147141518275539,2.0,0.0,1.0,124.0,21.0,0.01645565929139786,0.002438367317235652,0,1
0.0443910038265499,0.0020036813711351996,0.0451371043323155,1.0,59.0,0.0,158.0,152.0,0.04343394408163834,0.0020016766790128715,0,0
0.0103604216767246,0.0016362681875384485,0.157934516431357,1.0,53.0,1.0,113.0,48.0,0.010307120341499987,0.0016349309592583396,0,1
0.11922803514981,0.004466049990948834,0.0374580524231339,1.0,64.0,0.0,463.0,254.0,0.11263919333150549,0.004456106783271255,0,0
0.0188302554562367,0.0003654812710615827,0.019409257187774,0.0,56.0,0.0,174.0,44.0,0.018655160832033345,0.00036541449905061853,0,0
0.0301889075426895,0.0009546693258050361,0.0316231822716691,0.0,59.0,0.0,270.0,48.0,0.029742190806085558,0.0009542139188631981,0,0
0.0130677435455329,0.0004322070151105906,0.0330743416875775,2.0,60.0,0.0,124.0,94.0,0.01298309721174555,0.0004321136405624229,0,0
0.0259842400592888,0.003562551884054615,0.137104332315506,1.0,56.0,2.0,331.0,89.0,0.025652386064607766,0.0035562210276388756,0,0
0.028449566677254,0.00503675250058952,0.177041448740817,2.0,54.0,1.0,195.0,13.0,0.028052393106202323,0.00502411049471352,0,0
0.0585326012976995,0.0027251626809703783,0.0465580312603924,1.0,61.0,0.0,275.0,192.0,0.05688361064394724,0.002721456157544013,0,0
0.0202973516644736,0.0037413596486469613,0.18432747830819,2.0,56.0,0.0,150.0,40.0,0.02009410605179959,0.003734378170698256,0,0
0.0299922864013794,0.0049789172122615116,0.166006590682347,2.0,41.0,0.0,180.0,51.0,0.029551313282802607,0.004966563392752637,0,0
0.0044769121405992,0.0005757712079725782,0.128609003234876,2.0,56.0,0.0,63.0,10.0,0.004466920579237813,0.0005756055153282651,0,0
0.108307999455511,0.0108448799527361,0.100129999697675,1.0,56.0,0.0,630.0,21.0,0.10283452754434266,0.010786495974344761,0,0
0.0056868883948152,0.0006316663531321146,0.11107416029265,0.0,45.0,4.0,55.0,273.0,0.005670779090694549,0.0006314669359136208,0,0
0.0125837530438465,0.0003203289313697962,0.0254557547540587,2.0,60.0,1.0,74.0,21.0,0.01250523563317559,0.00032027763701141226,0,0
0.0020267102258118,1.2131953463455903e-05,0.0059860325906218,1.0,57.0,5.0,36.0,45.0,0.002024659219371716,1.2131879871903689e-05,1,0
0.0319131237049473,0.0037174249670514736,0.116485775614475,0.0,60.0,1.0,291.0,101.0,0.031414481059382715,0.0037105324192636094,0,0
0.0782854636477759,0.0036590176497101204,0.046739426187381,1.0,63.0,0.0,357.0,109.0,0.07537224600984413,0.0036523397294244307,0,0
0.0493519064688356,0.004883417174244911,0.0989509326722496,1.0,60.0,0.0,187.0,32.0,0.0481727416689396,0.004871531970495925,0,0
0.0001814964381324,1.1210122535432269e-05,0.0617649726395985,19.0,54.0,0.0,10.0,18.0,0.00018147996964649018,1.1210059702478216e-05,1,0
0.0168640440431357,0.0024523400504121553,0.145418266469148,3.0,63.0,1.0,148.0,54.0,0.01672342478992586,0.002449337971627706,0,0
0.0105872922243901,0.0012431914320987691,0.117422982737249,1.0,61.0,0.0,124.0,26.0,0.010531639310553953,0.0012424193094948985,0,0
0.0458581000347868,0.0025329609324774155,0.055234755268011,1.0,57.0,0.0,259.0,38.0,0.044837696817557504,0.0025297583937317373,0,0
0.0372672686298531,0.00826308758748806,0.221725065755661,2.0,56.0,0.0,240.0,29.0,0.03658962856644546,0.008229135185470988,0,0
0.0047189073914424,4.67938937749221e-05,0.0099162560087069,2.0,0.0,1.0,29.0,11.0,0.004707808251470526,4.6792798974827964e-05,1,0
0.067335178547121,0.016477036465229536,0.244701756507543,1.0,64.0,0.0,275.0,110.0,0.06516505471234016,0.01634276304430015,0,0
0.0375092638806963,0.005425048172604875,0.144632221785531,1.0,53.0,0.0,341.0,32.0,0.03682290212448765,0.005410385604952789,0,0
0.0581847331246124,0.010353881524064135,0.17794842337576,1.0,56.0,0.0,397.0,59.0,0.05655492417215258,0.010300647231817804,0,0
0.0932437950905214,0.028474637186242883,0.30537835958521,3.0,52.0,0.0,286.0,285.0,0.08914923564010661,0.028076769803158912,0,1
0.0067758670236096,0.001298757351926864,0.191673972851226,0.0,81.0,7.0,52.0,70.0,0.0067530140112163324,0.0012979146961219763,0,0
0.0377512591315395,0.007836265235576094,0.207576261450555,3.0,54.0,0.0,259.0,24.0,0.03705612127866768,0.007805721172971049,0,1
0.0068968646490312,0.00011447164774066973,0.0165976358194516,2.0,60.0,0.0,148.0,40.0,0.006873190069285827,0.00011446509636156151,0,0
0.0019359620067456,0.0002667164151748867,0.137769447047798,1.0,56.0,0.0,42.0,3.0,0.0019340904474223544,0.00026668085267508596,1,0
0.0355733018739507,0.0043674812984887765,0.122774133083411,1.0,57.0,1.0,317.0,78.0,0.03495518821718577,0.004357971531142231,0,0
0.0218249466854213,0.0031038047346561635,0.142213622759017,2.0,61.0,0.0,341.0,203.0,0.021590192066935226,0.003098997876538335,0,0
0.0068363658363204,0.0008354019624030888,0.122199715814614,1.0,45.0,0.0,89.0,42.0,0.0068131038455366945,0.0008350532084033633,0,1
0.065973955261128,0.01222463862488903,0.185294917918796,1.0,56.0,0.0,370.0,36.0,0.0638888932323559,0.012150521158264812,0,0
0.0158960630397628,0.0036326855675413976,0.228527375517731,40.0,57.0,0.0,47.0,132.0,0.01577104376555834,0.0036261033013775964,1,0
0.0589560929866751,0.00212460812165906,0.036037125495057,1.0,58.0,2.0,667.0,456.0,0.05728360493507625,0.002122354333536894,0,0
0.0648698519291559,0.002463238323397521,0.0379720047162681,0.0,58.0,0.0,240.0,85.0,0.06285258693242222,0.0024602095246277706,0,0
0.0187546319403482,0.0036832266857484627,0.196390240952928,1.0,69.0,0.0,97.0,119.0,0.018580932252511593,0.0036764602162102106,0,1
0.0113284026800974,0.00021542356579439713,0.0190162348459655,2.0,58.0,0.0,148.0,17.0,0.01126471684762888,0.00021540036546991863,0,0
0.0299922864013794,0.00489459025893056,0.163194969314025,2.0,55.0,0.0,177.0,18.0,0.029551313282802607,0.004882650695692878,0,0
0.355158280018755,0.04742673527958514,0.133536898751398,1.0,57.0,0.0,582.0,38.0,0.303918259331654,0.04633642791421159,0,0
0.0269370963594839,0.004053960929876075,0.150497324424827,2.0,57.0,1.0,219.0,56.0,0.026580679177175413,0.0040457657713675495,0,0
0.0431659028691562,0.006690799770540368,0.155001965111709,1.0,56.0,1.0,357.0,50.0,0.042260226522986714,0.00666851571330779,0,0
0.235975618978478,0.07714848213662842,0.326934123409015,1.0,54.0,0.0,733.0,308.0,0.21186063309537598,0.07431725509367454,0,1
0.0408820726893235,0.007566588535962725,0.185083290503976,1.0,56.0,0.0,354.0,86.0,0.040068500496670253,0.007538105494330735,0,1
0.0836396085726818,0.014772276605544856,0.176618193911177,2.0,56.0,0.0,482.0,108.0,0.08032538332256275,0.01466422929763033,0,0
0.0050214014549964,0.0006834461816486909,0.136106660217069,1.0,65.0,2.0,60.0,24.0,0.005008836264400124,0.0006832127386648408,0,0
0.0144289668315259,0.0018783786672476469,0.13018109260211,2.0,72.0,0.0,113.0,22.0,0.014325859923567628,0.0018766167200964631,0,0
0.0189512530816583,0.0005591928835051097,0.0295069081234695,2.0,46.0,0.0,108.0,37.0,0.018773915099904406,0.000559036593426114,0,0
0.0654143412435531,0.014209331010518765,0.217220425068779,2.0,56.0,0.0,421.0,129.0,0.06336377631081515,0.014109324701789598,0,1
0.011298153273742,0.001248784604673967,0.110529975511685,1.0,54.0,2.0,47.0,108.0,0.011234805832895475,0.0012480055217166145,1,0
0.026226235310132,0.00504036574860202,0.19218792514436,1.0,46.0,0.0,156.0,80.0,0.025888224693120063,0.0050277056284322216,0,1
0.0256061224798463,0.0006750472776378135,0.0263627293890014,1.0,58.0,0.0,203.0,56.0,0.02528377682308662,0.0006748195357095727,0,0
0.0463269658332955,0.0016989028495869474,0.0366720077395169,1.0,0.0,0.0,238.0,40.0,0.04528590363635854,0.0016974613465589145,0,0
0.0064582482568779,0.0004256426278076558,0.0659068234725036,2.0,37.0,1.0,50.0,50.0,0.006437483127891699,0.0004255520676809412,0,1
0.0653538424308423,0.005708112911772633,0.0873416573449829,1.0,58.0,0.0,211.0,34.0,0.06330699039370734,0.005691883366030257,0,0
0.150112679038674,0.00970738036894893,0.0646672914714152,1.0,63.0,0.0,667.0,313.0,0.13985991934801834,0.009660566468542168,0,0
3020000000.0,0.0,0.0,0.0,120.0,0.0,10.0,3.0,21.828522668664316,0.0,1,0
0.0332743469909403,0.006179650922554818,0.185718172748435,2.0,58.0,0.0,195.0,29.0,0.032732737636508066,0.006160635180015842,0,1
0.0196772388341879,0.003762691163837069,0.191220485533755,4.0,120.0,0.0,87.0,125.0,0.0194861447053453,0.003755629948678258,0,0
0.0066851188045434,8.165154025563212e-05,0.0122139250838952,2.0,68.0,0.0,127.0,26.0,0.006662872488965459,8.164820695006418e-05,0,0
0.0112527791642089,0.0022470177579466005,0.199685582126553,3.0,42.0,1.0,63.0,155.0,0.01118993763322446,0.0022444969889798493,0,1
0.0218703207949544,0.0030553784319462015,0.139704326269009,2.0,53.0,0.0,174.0,15.0,0.021634596054420595,0.0030507202491937995,0,0
0.0117065202595399,0.0014786661923499019,0.126311334159688,5.0,51.0,0.0,108.0,36.0,0.011638529063679114,0.001477574041980363,0,1
0.0321551189557905,0.0029241647615871388,0.0909393233969223,2.0,57.0,1.0,150.0,49.0,0.03164896482978369,0.002919897708164983,0,0
0.316665910431508,0.01705057854335386,0.0538440608277655,2.0,59.0,0.0,307.0,97.0,0.27510271588893914,0.016906848910751473,0,0
0.0098915558782158,0.0002565817620554814,0.0259394745593615,1.0,58.0,0.0,137.0,18.0,0.00984295467094404,0.0002565488505847067,0,0
0.0266648517022853,0.004295945663798975,0.161108927653657,1.0,56.0,1.0,195.0,80.0,0.026315540493361426,0.004286744431808592,0,0
0.0746706595883056,0.011729865079083206,0.157088006772077,1.0,111.0,0.0,529.0,158.0,0.0720142514671727,0.0116616034926194,0,0
0.0281168232073446,0.0024999720970100194,0.0889137467122169,3.0,57.0,0.0,185.0,24.0,0.027728801828576153,0.0024968523651803473,0,0
0.0001361223285993,2.243670633743643e-05,0.164827523656922,3.0,21.0,0.0,10.0,21.0,0.0001361130647957925,2.2436454638305654e-05,1,1
0.0217341984663551,0.003184204304137522,0.146506636031079,2.0,69.0,0.0,185.0,20.0,0.021501378176384374,0.0031791454616927873,0,0
0.0082127138254911,0.00011197913762724842,0.0136348520119721,2.0,58.0,0.0,105.0,11.0,0.008179173006929455,0.00011197286843162493,0,0
0.0072296081189406,0.0010766710884875116,0.148925235057593,1.0,72.0,0.0,87.0,26.0,0.007203599780329709,0.0010760918938685735,0,0
0.0072144834157629,0.0007112625213532911,0.0985881428182725,1.0,57.0,0.0,105.0,10.0,0.007188583525233285,0.0007110096940434403,0,0
0.0129467459201113,0.0001432569158859859,0.0110650905463011,2.0,57.0,0.0,92.0,15.0,0.012863653223368778,0.00014324665559390482,0,0
0.0500627675181875,0.010954872306939582,0.218822746923844,3.0,56.0,0.0,227.0,64.0,0.04884994097151337,0.010895302352611514,0,1
0.0021779572575888,0.00016322991932649978,0.0749463373340992,2.0,55.0,1.0,34.0,16.0,0.0021755889467772803,0.00016321659877274034,1,0
0.0118880166976723,0.002574413145249776,0.216555310336488,2.0,56.0,0.0,156.0,23.0,0.011817909305426533,0.002571105020165977,0,1
0.029054554804362,0.0013773178321262397,0.0474045409196723,3.0,63.0,0.0,153.0,25.0,0.028640472749132017,0.001376370199948228,0,0
0.0058683848329476,0.0006360359048921362,0.108383468875654,1.0,0.0,1.0,31.0,86.0,0.005851232932595382,0.0006358337197827638,1,0
0.0037206769817142,0.001234863860243024,0.331892251413369,2.0,64.0,0.0,52.0,20.0,0.0037137723843310975,0.00123410204296228,0,1
0.0421979218657834,0.005369624002572244,0.127248541282462,2.0,56.0,0.0,301.0,202.0,0.041331869503063084,0.005355258971872235,0,1
0.0064884976632333,0.0005786821086113687,0.0891858391026998,1.0,57.0,0.0,87.0,28.0,0.006467537977995396,0.0005785147366869345,0,0
0.0111922803514981,0.002354381796587474,0.210357650331046,1.0,28.0,3.0,82.0,62.0,0.011130110235249721,0.002351614582300289,0,1
0.0383411225554699,0.00211196678344669,0.0550835928288539,1.0,57.0,0.0,145.0,32.0,0.03762436520172796,0.002109739716708902,0,0
0.0113132779769197,0.001805226627631955,0.159567070774254,4.0,55.0,0.0,111.0,30.0,0.011249761452095778,0.0018035991643757059,0,0
0.0279807008787453,0.0044301155032799066,0.158327538773166,1.0,55.0,0.0,293.0,41.0,0.027596393392494135,0.004420331427341976,0,0
0.0110712827260765,0.0019620842077655255,0.177222843667805,1.0,57.0,4.0,135.0,21.0,0.011010444700276774,0.0019601618347075025,0,0
0.0152154513967663,0.00024748051067086666,0.0162650784533059,1.0,58.0,0.0,158.0,32.0,0.015100857354193298,0.000247449892420795,0,0
0.00604988127108,0.0008353178270406143,0.138071771926112,4.0,58.0,7.0,108.0,32.0,0.006031654216782234,0.0008349691432655335,0,0
0.0152457008031217,0.001814624181814862,0.119025304592315,2.0,57.0,0.0,187.0,59.0,0.015130652956364623,0.0018129797404157959,0,0
0.0595913305201385,0.006116412223474609,0.102639296187683,0.0,56.0,0.0,800.0,19.0,0.05788329654023224,0.006097782898724629,0,1
0.0435742698549541,0.007742116393190602,0.177676330985277,2.0,57.0,0.0,304.0,76.0,0.042651618797260975,0.007712300005814171,0,0
0.008621080811289,0.0019034299714255703,0.220787858632887,0.0,33.0,0.0,58.0,200.0,0.008584131504218188,0.0019016207440587804,0,0
0.0022233313671219,0.00045828440490483063,0.206125102034646,2.0,45.0,0.0,18.0,90.0,0.0022208634232988786,0.00045817942467958324,1,1
0.0159565618524736,0.003007322507734087,0.188469329141095,1.0,42.0,0.0,140.0,17.0,0.0158305941600973,0.0030028095590655234,0,0
0.0440431356534628,0.00241140728205161,0.0547510354627082,1.0,57.0,0.0,272.0,57.0,0.04310080628262598,0.0024085045050934385,0,0
0.0312325120619508,0.0015938712809678306,0.0510324394594431,1.0,65.0,0.0,254.0,51.0,0.030754700522432614,0.0015926024162301313,0,0
0.0134609858281531,0.003218232485685964,0.239078513770898,3.0,56.0,0.0,132.0,29.0,0.013371191672836652,0.003213065059204988,0,1
0.0058381354265922,0.0006820012482496075,0.116818332980621,1.0,55.0,0.0,113.0,15.0,0.0058211595535482465,0.0006817687910830144,0,1
0.0656865859007517,0.01213167316466705,0.184690268162167,1.0,101.0,0.0,331.0,61.0,0.06361927304042748,0.012058674224258267,0,0
0.0303099051681111,0.007047600467029724,0.232518063911479,0.0,37.0,1.0,84.0,700.0,0.029859635790585693,0.007022882199223787,0,0
0.0110712827260765,0.0008046486583876374,0.0726789007467424,1.0,56.0,0.0,121.0,55.0,0.011010444700276774,0.0008043251022103109,0,0
0.0289335571789404,0.004286193735127372,0.148139190373976,0.0,55.0,1.0,169.0,16.0,0.028522884484305344,0.004277034170544795,0,0
0.0039777969357351,0.0009623100970387963,0.241920367627052,2.0,49.0,0.0,63.0,6.0,0.003969906419164418,0.0009618473735092546,0,0
0.0306880227475536,0.006257844225058153,0.203918130422952,1.0,51.0,0.0,203.0,445.0,0.030226562490087257,0.006238345223414679,0,0
0.0446329990773931,0.0038591884802534754,0.0864649151978716,1.0,59.0,0.0,227.0,57.0,0.04366562667751973,0.003851760915838095,0,0
0.0161078088842507,0.002432947763875707,0.151041509205793,1.0,58.0,0.0,150.0,83.0,0.015979454633450872,0.0024299929381188866,0,1
0.011146906241965,0.001208814363150485,0.108443933851317,3.0,59.0,0.0,92.0,171.0,0.01108523733772441,0.0012080843353210642,0,1
0.0128559977010451,0.0019464533206407478,0.15140429905977,1.0,52.0,0.0,121.0,217.0,0.012774060868523125,0.0019445614349563507,0,0
0.0272547151262156,0.0008116181757511978,0.0297790005139523,1.0,57.0,0.0,180.0,14.0,0.02688991881827116,0.0008112889918219916,0,0
0.0833219898059501,0.0052672939107005325,0.0632161320555068,2.0,59.0,1.0,333.0,88.0,0.08003223667036191,0.005253470239109616,0,0
0.0042802909992891,0.0003922230558649595,0.0916346706170451,1.0,59.0,0.0,74.0,43.0,0.00427115660972403,0.00039214615650932656,0,0
0.0260901129815327,0.0013401185704756803,0.0513649968255888,2.0,58.0,0.0,137.0,79.0,0.025755572308498936,0.0013392214130263373,0,0
0.0361934147042364,0.00796261688795019,0.22000181394927,0.0,57.0,0.0,161.0,54.0,0.03555382014214357,0.007931082540774235,0,0
0.0040080463420905,0.0006490037248915171,0.161925204825105,2.0,54.0,0.0,87.0,5.0,0.004000035522373941,0.0006487932130511103,0,0
0.0170304157780904,0.002814289465279267,0.165250778486562,2.0,55.0,0.0,132.0,28.0,0.01688702397229484,0.002810336766970252,0,0
0.0420769242403618,0.0017656610589116954,0.041962693110016,0.0,58.0,0.0,545.0,80.0,0.04121576425352407,0.0017641041118486773,0,0
0.0239121557239439,0.0007720827860196546,0.0322882970039605,1.0,59.0,0.0,201.0,58.0,0.023630737511699914,0.000771784883432532,0,0
0.0110107839133657,0.0015572285015788858,0.1414275780754,2.0,63.0,0.0,105.0,24.0,0.010950606562421769,0.0015560172785467985,0,0
0.0820061406294901,0.003580036492698358,0.0436557124285757,0.0,58.0,0.0,230.0,280.0,0.07881685566649435,0.00357364341580944,0,0
0.01039067108308,0.000286177747579462,0.0275417964144269,3.0,60.0,0.0,121.0,18.0,0.01033705911670693,0.0002861368065386142,0,0
0.0438011404026196,0.002745102761877752,0.0626719472745412,1.0,58.0,0.0,407.0,60.0,0.04286899277555349,0.0027413418484481637,0,0
0.0237004098794561,0.004155829649026371,0.175348429422257,0.0,114.0,3.0,135.0,117.0,0.02342391533371607,0.004147218039666972,0,1
0.0719935871258527,0.0053825963951456834,0.0747649424071107,2.0,58.0,0.0,458.0,116.0,0.06952008047199756,0.005368161996364286,0,0
0.012659376559735,0.0008852416477512186,0.0699277443540829,1.0,62.0,1.0,92.0,11.0,0.012579916558955052,0.0008848500524510339,0,0
0.0249708849463829,0.004466932497740057,0.178885630498534,0.0,56.0,0.0,397.0,131.0,0.024664207256585684,0.004456985365880945,0,1
0.0312930108746616,0.0016196642566563074,0.0517580191673973,1.0,59.0,0.0,82.0,34.0,0.03081336531184285,0.0016183540150810044,0,0
0.0221879395616861,0.0008653276305159195,0.0389999093025365,1.0,60.0,0.0,230.0,50.0,0.021945368771077486,0.0008649534504052195,0,0
0.0426667876642921,0.001965842863632769,0.0460743114550896,1.0,59.0,0.0,442.0,72.0,0.04178165006126417,0.0019639131231809766,0,0
0.0367379040186336,0.0013961225428975545,0.0380022372040995,1.0,59.0,4.0,397.0,112.0,0.036079152864941885,0.0013951488699592961,0,0
0.0170304157780904,0.0024868309764542284,0.146022916225776,3.0,56.0,0.0,190.0,15.0,0.01688702397229484,0.002483743929218739,0,1
0.0302796557617557,0.004035212461765538,0.133264806360915,1.0,57.0,0.0,286.0,186.0,0.029830275837559508,0.004027092827596416,0,0
0.0235189134413237,0.0044091296746877956,0.187471657042658,1.0,57.0,0.0,248.0,147.0,0.02324660512904928,0.004399437940077379,0,1
0.0244415203351634,0.004882836000083423,0.199776279590047,3.0,52.0,0.0,135.0,36.0,0.024147605891601052,0.004870953620490724,0,1
1510000000.0,141974786.10514852,0.0940230371557275,15.0,58.0,12.0,10.0,3.0,21.135375488435496,18.77116004420313,1,0
0.0003327434699094,3.880011982466837e-05,0.116606705565801,18.0,52.0,0.0,10.0,11.0,0.00033268812307820706,3.879936711948914e-05,1,0
0.0091201960161531,0.001020738448220778,0.11192066995193,1.0,53.0,1.0,95.0,23.0,0.009078858177827137,0.0010202178489646066,0,0
0.0376302615061179,0.006945392462885067,0.184569338210841,2.0,62.0,1.0,286.0,29.0,0.03693951850047438,0.006921384324513001,0,0
0.0617239136681943,0.010489165242583047,0.169936814100432,1.0,55.0,2.0,352.0,157.0,0.059893920724762774,0.010434535629471902,0,0
0.0995961704251554,0.018972563105750306,0.1904949058258,1.0,56.0,1.0,561.0,198.0,0.0949429946047764,0.018794828564797954,0,1
0.12692650906726,0.023058360582433914,0.181667019379025,2.0,57.0,2.0,463.0,285.0,0.11949402358559666,0.022796533809964818,0,0
0.0104057957862577,0.0015773697757443556,0.151585693986758,2.0,53.0,0.0,92.0,97.0,0.010352028168193262,0.0015761270347094348,0,0
0.008772327843066,0.0001527605537868008,0.0174139129909,1.0,57.0,0.0,137.0,15.0,0.00873407452615089,0.00015274888708153062,0,0
0.0218854454981321,0.0035424819420442942,0.161864739849442,3.0,56.0,0.0,198.0,29.0,0.02164939694543451,0.003536222132042734,0,1
0.0052785214090173,5.617315766164058e-05,0.0106418357166611,2.0,57.0,0.0,84.0,18.0,0.0052646388463916125,5.617158000890062e-05,0,0
0.097750956637476,0.0059430170147826,0.0607975330289929,1.0,61.0,0.0,331.0,475.0,0.09326350191226018,0.005925426946806347,0,0
0.0198436105691426,0.0028754247802975108,0.144904314176014,3.0,57.0,0.0,127.0,38.0,0.01964929256958253,0.0028712986541484715,0,1
0.0135819834535747,0.0031087824387645148,0.228890165371708,1.0,48.0,0.0,121.0,31.0,0.013490575057795861,0.0031039601663177792,0,1
0.01644055235416,0.0031313444336308616,0.190464673337969,1.0,29.0,3.0,116.0,36.0,0.01630686969449187,0.00312645198528311,0,1
0.01492808203639,0.0017835892072380552,0.119478791909786,2.0,56.0,0.0,132.0,38.0,0.014817754846845308,0.0017820005007939022,0,0
0.0161985571033169,0.0005259621588705854,0.032469691930949,1.0,54.0,0.0,148.0,97.0,0.016068760282092497,0.000525823889255236,0,0
0.0120241390262716,0.001762343199182658,0.146567101006742,4.0,55.0,0.0,113.0,14.0,0.011952423373558962,0.001760792094525247,0,0
0.277750049155285,0.03667002644318194,0.132025274359827,1.0,57.0,0.0,333.0,141.0,0.24510075713644094,0.03601367845975738,0,0
0.0469470786635812,0.009395944636844582,0.200139069444025,2.0,55.0,3.0,378.0,35.0,0.04587838492188922,0.009352077318217694,0,1
0.0693921381792882,0.0033272645993394525,0.0479487257006379,2.0,60.0,0.0,336.0,143.0,0.06709039188707569,0.003321741502295059,0,0
0.0145499644569475,0.0020802001970222366,0.142969434954802,1.0,53.0,1.0,137.0,14.0,0.014445129398177891,0.0020780395764224808,0,0
0.118486924694103,0.02531866806959273,0.213683223992502,2.0,56.0,0.0,495.0,49.0,0.1119768118431541,0.025003459949976076,0,0
0.0021930819607665,5.867755646758626e-05,0.0267557517308099,3.0,56.0,0.0,31.0,9.0,0.0021906806667054282,5.867583500711016e-05,1,0
0.0129467459201113,0.0015809144351461588,0.12210901835112,2.0,56.0,0.0,240.0,43.0,0.012863653223368778,0.0015796661054156753,0,1
0.0184521378767942,0.0024880289908547283,0.134836895728149,0.0,54.0,2.0,198.0,69.0,0.018283962823331605,0.00248493897103639,0,0
0.0117065202595399,0.0021737596346129953,0.185687940260604,1.0,44.0,3.0,84.0,296.0,0.011638529063679114,0.002171400437404964,0,1
0.133188136182827,0.03770113731837261,0.28306678356562,1.0,56.0,0.0,460.0,133.0,0.12503501961376168,0.03700782162769774,0,0
0.118471799990925,0.02539065181653918,0.214318106236962,1.0,57.0,0.0,580.0,106.0,0.11196328928414455,0.02507366370462621,0,0
0.0148827079268569,0.00043329345870433256,0.029113885781661,1.0,58.0,0.0,166.0,93.0,0.014773047123578669,0.00043319961420081564,0,0
0.0171211639971566,0.0027987463715761986,0.163467061704508,2.0,72.0,0.0,132.0,48.0,0.016976248610250707,0.0027948371731546444,0,1
0.0534960751395254,0.01216547683282978,0.227408773467969,2.0,57.0,0.0,405.0,183.0,0.052114228711289644,0.012092072155155828,0,0
0.0363446617360134,0.00757175874543846,0.20833207364634,1.0,57.0,0.0,180.0,128.0,0.03569977358325503,0.007543236863581607,0,0
0.0200856058199858,0.002181198298073863,0.108595096290474,4.0,58.0,4.0,169.0,55.0,0.019886551048978938,0.0021788229385257974,0,0
0.0109200356942995,0.002197410816617515,0.201227439005956,1.0,41.0,0.0,60.0,73.0,0.010860842641473432,0.0021950000404667987,0,1
0.0421374230530726,0.0063160910450504384,0.149892674668198,1.0,53.0,0.0,373.0,40.0,0.0412738185633472,0.006296228135428772,0,0
0.0175597803893099,0.0036449935651057205,0.207576261450555,1.0,52.0,2.0,161.0,83.0,0.0174073888341346,0.0036383666744947583,0,1
0.0243658968192749,0.0028338605394609764,0.116304380687487,1.0,57.0,4.0,233.0,41.0,0.02407378390590376,0.002829852726618792,0,0
0.0379478802728496,0.002018028279467378,0.0531789460954742,2.0,61.0,0.0,238.0,27.0,0.03724557179985892,0.0020159947956912825,0,0
0.076969614471316,0.004905280022539348,0.063730084348641,1.0,57.0,0.0,362.0,107.0,0.07415118465769875,0.004893288335556385,0,0
0.0114342756023413,0.00010336029280466856,0.0090395138615956,1.0,58.0,0.0,177.0,43.0,0.011369398354240898,0.00010335495149765377,0,0
0.0323063659875675,0.000867311213137828,0.0268464491943042,1.0,58.0,0.0,135.0,36.0,0.03179548927032247,0.0008669353160983873,0,0
0.0636598756749399,0.005002026086983973,0.0785742358738701,0.0,57.0,0.0,550.0,162.0,0.061715674096434144,0.004989557515956161,0,0
0.0134004870154423,0.0019413832505366098,0.144874081688182,1.0,62.0,4.0,105.0,70.0,0.013311494635284412,0.0019395012015324838,0,0
0.038084002601449,0.006576649117497864,0.172687970493092,1.0,56.0,0.0,368.0,71.0,0.03737670883095886,0.006555117313877178,0,1
0.0753361465281244,0.015168810226964652,0.201348368957282,1.0,56.0,1.0,407.0,123.0,0.07263330714567424,0.01505491415940853,0,1
0.0451321142822572,0.0012716730813273165,0.0281766786588868,0.0,60.0,0.0,349.0,95.0,0.04414330257627384,0.0012708651899577018,0,0
0.16572137271806,0.028192223124362075,0.170118209027421,0.0,55.0,0.0,800.0,162.0,0.1533400994397735,0.027802137028054827,0,0
0.0210687115265363,0.0032746091228927393,0.155425219941349,1.0,55.0,1.0,185.0,15.0,0.020849835181115023,0.0032692592663833343,0,1
0.0428634088056022,0.007044335649159648,0.164343803851619,1.0,103.0,1.0,225.0,97.0,0.04197020752470965,0.007019640224206127,0,0
0.025923741246578,0.0006105328303982902,0.023551108020679,1.0,58.0,2.0,227.0,45.0,0.025593417715851868,0.0006103465310538472,0,0
0.0203729751803621,0.0007643638237696687,0.0375185173987967,0.0,58.0,0.0,291.0,38.0,0.02016822239967636,0.0007640718465172176,0,0
0.020932589197937,0.005067816739640228,0.242101762554041,46.0,61.0,0.0,42.0,148.0,0.02071651271089658,0.005055018577336229,1,0
0.0126745012629127,0.0001873758538429823,0.0147836865495662,1.0,59.0,0.0,182.0,48.0,0.012594852074865388,0.00018735830118027648,0,0
0.0383108731491144,0.0009184787739894118,0.023974362850319,1.0,0.0,0.0,338.0,31.0,0.037595232341315905,0.00091805723045972,0,0
0.0462815917237624,0.003011094881323479,0.0650603138132237,3.0,63.0,1.0,180.0,36.0,0.045242537561632,0.003006570614853143,0,0
0.0780585931001104,0.006711571145409614,0.0859811953925688,2.0,61.0,0.0,299.0,156.0,0.07516182453485488,0.006689148821890585,0,0
0.108807114660375,0.023332492798199357,0.214439036188288,1.0,56.0,0.0,505.0,391.0,0.10328476597365807,0.023064451560821007,0,1
0.0256817459957348,0.000570670958879738,0.0222208785560964,1.0,91.0,0.0,129.0,31.0,0.02535750954201403,0.0005705081881308325,0,0
0.0418954278022294,0.009277867057209845,0.221452973365178,1.0,54.0,0.0,270.0,129.0,0.04104158109949768,0.00923509201917098,0,1
0.010995659210188,0.0015507679117068326,0.141034555733591,2.0,55.0,0.0,92.0,24.0,0.0109356464684721,0.0015495667128422597,0,0
0.0164103029478046,0.0020698305135967753,0.126129939232699,3.0,47.0,0.0,156.0,11.0,0.016277109118324917,0.0020676913656930904,0,0
0.260477638126352,0.027774726537220476,0.106629984581431,1.0,57.0,0.0,765.0,608.0,0.23149072700957762,0.02739600540911133,0,0
0.0276479574088359,0.0031938460337745927,0.11551833600387,2.0,57.0,0.0,251.0,34.0,0.027272654499796718,0.0031887565413549887,0,0
0.0452379872045011,0.007780600090891149,0.171992623272969,3.0,58.0,0.0,278.0,189.0,0.04424459843987152,0.0077504873181083785,0,0
0.0608466808838877,0.010652814009692323,0.175076337031774,2.0,56.0,0.0,328.0,205.0,0.05906734483936799,0.010596472563291305,0,1
0.133324258511427,0.011120767579678536,0.0834114339268978,1.0,57.0,0.0,429.0,99.0,0.12515513572614856,0.011059386494508862,0,0
0.0051272743772403,2.8056857099509652e-05,0.0054720802974876,2.0,90.0,0.0,92.0,18.0,0.005114174664106271,2.8056463513256345e-05,0,0
0.0499720192991213,0.002293361710435231,0.0458929165281011,1.0,58.0,0.0,251.0,29.0,0.048763515527808964,0.0022907359702162146,0,0
0.0810230349229396,0.016975228467393407,0.209511140671766,2.0,56.0,12.0,389.0,116.0,0.07790784733192657,0.01683275931391823,0,0
0.0344389491356232,0.010076492721061802,0.292590017232518,1.0,54.0,12.0,280.0,52.0,0.0338592016100324,0.010026063352777862,0,1
0.0358757959375047,0.0021529599097846477,0.0600114883453759,1.0,57.0,0.0,307.0,106.0,0.03524724855892799,0.002150645612728653,0,0
0.0062918765219232,0.0007547893109711053,0.119962511715089,2.0,55.0,0.0,103.0,19.0,0.006272165303999481,0.0007545046007742617,0,0
0.0209477139011147,0.0034210947333138415,0.163315899265351,0.0,53.0,0.0,148.0,270.0,0.020731327196500872,0.0034152561012794286,0,0
0.0116762708531845,0.00023156978201436124,0.0198325120174139,1.0,60.0,0.0,84.0,44.0,0.011608629228125982,0.0002315429738709476,0,0
0.0013158491764599,0.00023725623510012576,0.180306557426611,5.0,49.0,1.0,23.0,48.0,0.0013149842056299295,0.00023722809429054586,1,0
0.166038991484792,0.049013051753711234,0.29519001118602,0.0,63.0,12.0,635.0,224.0,0.15361252775065182,0.0478497714279984,0,1
0.0107839133657002,0.001288122916464055,0.119448559421955,1.0,56.0,0.0,129.0,37.0,0.010726181650314673,0.0012872939978964056,0,0
0.0604383138980898,0.0025178824122976014,0.0416603682317018,1.0,61.0,0.0,235.0,225.0,0.05868232633233373,0.002514717857248438,0,0
0.0158658136334074,0.002219880445488092,0.139915953683829,1.0,55.0,0.0,211.0,19.0,0.015741267238392503,0.002217420151258569,0,0
0.0257573695116233,0.013533189973168694,0.525410406022311,2.0,55.0,0.0,185.0,165.0,0.025431236824828424,0.013442434250549131,0,1
0.0345296973546894,0.006154944390460105,0.178250748254074,1.0,52.0,1.0,206.0,24.0,0.033946924755840664,0.0061360800864906405,0,1
0.0396872211382852,0.008354509803968922,0.210508812770203,1.0,56.0,1.0,235.0,36.0,0.0389199190137646,0.008319804052649128,0,0
0.114282257210702,0.007673637066994258,0.0671463554735919,0.0,114.0,0.0,317.0,115.0,0.10821048213220381,0.0076443444724656525,0,0
0.0376453862092956,0.007904199510945904,0.209964627989237,1.0,55.0,0.0,251.0,23.0,0.03695409459131284,0.007873124964861563,0,0
0.0130223694359998,0.0018665251835437088,0.14333222480878,0.0,77.0,0.0,158.0,127.0,0.01293830738798602,0.001864785389989226,0,1
0.0388251130571563,0.002663306271024808,0.0685975148895002,2.0,63.0,0.0,137.0,53.0,0.038090375578892124,0.0026597659554481435,0,0
0.145106402286855,0.04247423245582523,0.292710947183844,1.0,56.0,0.0,474.0,137.0,0.13549756045013145,0.04159695731659491,0,0
0.0058835095361253,6.563518513862293e-05,0.0111557880097953,1.0,59.0,0.0,116.0,85.0,0.005866269282972701,6.563303124410583e-05,0,0
0.0091504454225085,0.0012949552566061695,0.141518275538894,3.0,50.0,0.0,108.0,16.0,0.009108833747739905,0.0012941175251863434,0,0
0.0769242403617829,0.017265337256881695,0.224445989660489,1.0,55.0,1.0,413.0,304.0,0.07410905248907958,0.017117984961605364,0,0
0.0115552732277629,0.001894496076251112,0.16395078150981,2.0,53.0,0.0,89.0,13.0,0.0114890209451098,0.0018927037818657526,0,0
0.0953763782385771,0.00993065412986847,0.104120688091423,2.0,58.0,0.0,346.0,39.0,0.0910980286275511,0.009881669218654056,0,0
0.12488467413827,0.02255905698751888,0.180639114792756,1.0,58.0,3.0,545.0,340.0,0.11768051852458852,0.022308364711928992,0,0
0.0053843943312612,0.0008966122676357168,0.166520542975481,2.0,54.0,0.0,76.0,9.0,0.005369950305127867,0.0008962105509612788,0,1
1510000000.0,547812.67950527,0.000362789853977,52.0,68.0,0.0,10.0,3.0,21.135375488435496,13.213690507213949,1,0
0.0452379872045011,0.0016165704530556088,0.0357348006167428,1.0,60.0,0.0,280.0,62.0,0.04424459843987152,0.001615265209530171,0,0
0.039293978855665,0.002453126533148356,0.0624300873718898,1.0,58.0,0.0,301.0,83.0,0.03854161613415108,0.0024501225300513417,0,0
0.0154271972412541,0.00316827254164039,0.205369289838861,0.0,54.0,0.0,190.0,9.0,0.015309407928463253,0.0031632641420529664,0,0
0.0337129633830936,0.006803338591231065,0.201801856274753,3.0,56.0,0.0,264.0,65.0,0.03315713927316585,0.006780300315670178,0,1
0.0247591391018951,0.0041506009106027815,0.167639145025244,1.0,51.0,0.0,180.0,148.0,0.024457598734725,0.004142010927501182,0,0
0.0191629989261461,0.0023874812883468324,0.124588082353297,0.0,58.0,0.0,243.0,67.0,0.018981701140398505,0.0023846357830562123,0,0
0.0815070254246261,0.017357544127069132,0.212957644284548,1.0,56.0,0.0,386.0,60.0,0.0783554623904564,0.01720862276096781,0,1
0.0125383789343134,0.0015556884586396089,0.124074130060163,1.0,57.0,1.0,105.0,25.0,0.012460424400485766,0.0015544796288953608,0,0
0.0275572091897697,0.0008239586385912339,0.029899930465278,3.0,63.0,1.0,227.0,48.0,0.027184343881859366,0.000823619371021019,0,0
0.0871031656003751,0.013609128996666484,0.156241497112797,1.0,56.0,0.0,630.0,321.0,0.08351651219154319,0.01351735649238946,0,1
0.0362236641105918,0.0018989579940068984,0.0524231338996886,1.0,58.0,0.0,286.0,68.0,0.03558301253460817,0.0018971572526031986,0,0
0.210747614078074,0.02423052805087869,0.114974151222904,1.0,58.0,0.0,635.0,283.0,0.1912380316844128,0.023941626330160833,0,0
0.019420118880167,0.004387536608262177,0.225927381564229,2.0,49.0,0.0,206.0,23.0,0.01923395473078534,0.004377939431254775,0,0
0.0259691153561111,0.006139567738452365,0.236418054841733,2.0,52.0,2.0,111.0,19.0,0.025637644303409292,0.006120797381185469,0,1
0.0106477910371009,0.0018055887754965345,0.169574024246455,1.0,55.0,0.0,74.0,36.0,0.010591502523131131,0.0018039606595940342,0,0
0.0592888364565845,0.00233197618375356,0.0393324666686822,0.0,58.0,0.0,225.0,68.0,0.057597773960594685,0.002329261347096534,0,0
0.0146407126760137,0.0019718951226423455,0.134685733288992,1.0,54.0,2.0,142.0,49.0,0.014534572169770867,0.0019699534895006175,0,0
0.222136515570882,0.03112073686112603,0.140097348610817,2.0,58.0,0.0,521.0,305.0,0.20060056937955106,0.030646304736218415,0,0
0.0127501247788012,0.0020510751866251804,0.160867067751005,1.0,52.0,0.0,97.0,12.0,0.012669526308555766,0.002048974603726487,0,0
0.0222030642648638,0.00416513026463948,0.187592586993984,1.0,60.0,0.0,206.0,19.0,0.021960165063126966,0.004156480120578159,0,1
0.0309148932952191,0.006469537484944437,0.209269280769115,3.0,51.0,0.0,140.0,136.0,0.03044665390227519,0.006448699852253716,0,0
0.0344691985419786,0.007979280262294957,0.231490159325211,1.0,39.0,0.0,108.0,427.0,0.03388844351368241,0.00794761414257159,0,1
0.0093470665638186,0.0013304105385149234,0.142334552710343,2.0,56.0,1.0,137.0,33.0,0.009303653053450617,0.0013295263265708014,0,0
0.0187092578308151,0.003281770231108904,0.17540889439792,0.0,44.0,0.0,92.0,700.0,0.018536392459911198,0.0032763969758340906,0,0
0.0092865677511078,0.0013785121884674928,0.14844151525229,2.0,56.0,1.0,119.0,31.0,0.009243712694090217,0.0013775629128324948,0,0
0.0393393529651981,0.006276075992301325,0.159536838286423,2.0,58.0,2.0,222.0,71.0,0.03858527377097014,0.006256463444489633,0,0
0.0338793351180483,0.004465758717981995,0.131813646945007,2.0,59.0,2.0,206.0,73.0,0.033318072098688936,0.004455816805318219,0,0
0.146679371417336,0.02008820487107451,0.136953169876349,0.0,58.0,0.0,627.0,135.0,0.13687026238023853,0.01988909892119952,0,0
0.0103755463799023,0.0017305647240656921,0.166792635365964,3.0,59.0,1.0,113.0,130.0,0.010322089841144742,0.0017290690222907948,0,1
0.0395359741065082,0.00583053123595089,0.147474075641685,3.0,59.0,2.0,291.0,177.0,0.03877443484218584,0.0058135994709487965,0,1
0.0290243053980066,0.004475132494779878,0.154185687940261,4.0,56.0,1.0,156.0,34.0,0.028611076979181197,0.004465148863656971,0,0
0.0080312173873587,6.337176098499263e-05,0.0078906793240015,0.0,61.0,0.0,89.0,104.0,0.007999138799943944,6.336975307977668e-05,0,0
0.0058078860202368,0.00011588731666584899,0.0199534419687396,1.0,64.0,0.0,89.0,28.0,0.005791085270065784,0.00011588060224950577,0,0
0.0073203563380068,0.0005986505394778366,0.081778879584001,1.0,56.0,0.0,127.0,12.0,0.007293692575970093,0.00059847141972682,0,0
0.0131736164677768,0.000565943374571782,0.042960365208453,1.0,57.0,0.0,172.0,15.0,0.013087598999567664,0.0005657832890168962,0,0
0.0640228685512047,0.012422492074904975,0.194032106902077,1.0,56.0,0.0,561.0,132.0,0.06205688368773398,0.012345966031246082,0,1
0.060529062117156,0.013292714188681574,0.219608791607461,0.0,54.0,12.0,386.0,131.0,0.05876789881227642,0.013205141264386164,0,1
0.0216283255441112,0.004503912275836318,0.208241376182846,1.0,56.0,0.0,352.0,121.0,0.021397752000319594,0.004493800014731267,0,0
0.0268160987340623,0.0044054382356590515,0.164283338875956,1.0,55.0,3.0,222.0,25.0,0.026462848440891557,0.00439576269888019,0,0
0.0017242161622578,9.826004371182256e-05,0.0569882395622336,60.0,56.0,12.0,18.0,26.0,0.0017227314080172102,9.825521650993888e-05,1,0
1510000000.0,176989146.5368678,0.117211355322429,29.0,54.0,12.0,10.0,3.0,21.135375488435496,18.991598975307333,1,0
0.0207359680566269,0.003252356691289429,0.156846146869426,1.0,56.0,2.0,137.0,19.0,0.020523904423700005,0.003247079218984676,0,0
0.0109654098038326,0.0017331427413138103,0.158055446382683,0.0,55.0,0.0,145.0,20.0,0.010905725609142788,0.001731642582509044,0,0
0.0188756295657698,0.0035175312344954144,0.186353054992895,0.0,54.0,3.0,135.0,30.0,0.018699695335146992,0.003511359190838822,0,0
0.0085152078890451,0.0017719314297033417,0.208090213743689,2.0,58.0,10.0,164.0,27.0,0.008479158009929077,0.0017703634112151327,0,0
0.0577612414356368,0.012726786818118991,0.220334371315416,2.0,56.0,0.0,397.0,261.0,0.056154638248294586,0.012646481898076812,0,1
0.0276177080024805,0.0064040820019658695,0.231883181667019,1.0,50.0,0.0,198.0,28.0,0.0272432184936719,0.006383662999102126,0,1
0.0114947744150521,0.002111852469095487,0.183722828551561,0.0,120.0,1.0,111.0,25.0,0.011429211438370878,0.0021096256432704915,0,0
0.0365866569868566,0.003070549318121772,0.083925386220032,2.0,57.0,2.0,172.0,33.0,0.035933254789078696,0.003065844809388158,0,0
0.0191932483325015,0.0047975867585670585,0.249962209390211,1.0,56.0,3.0,256.0,83.0,0.019011381336289976,0.004786115015703524,0,1
0.0463874646460063,0.0025018966934267093,0.0539347582912598,0.0,58.0,0.0,429.0,51.0,0.04534372214407896,0.002498772160315353,0,0
0.047310071539846,0.006113107166952938,0.129213652991505,2.0,56.0,0.0,209.0,43.0,0.04622504042201691,0.006094497929003406,0,0
0.0347716926055326,0.008469798570691895,0.24358315445778,0.0,61.0,0.0,172.0,135.0,0.03418081552991592,0.008434131082891498,0,0
0.0078345962460486,0.00011795594916504548,0.015055778940049,3.0,54.0,0.0,108.0,26.0,0.007804065159026127,0.00011794899290908957,0,0
0.0247893885082505,0.003481920942326438,0.140460138464794,3.0,53.0,0.0,185.0,65.0,0.024487116851471296,0.003475873090297948,0,0
